{
  "tela1": {
    "position": {
      "x": 28.010399999856997,
      "y": 2.2,
      "z": -8.200200000107287
    },
    "rotation": {
      "x": 0,
      "y": 0.06833632678953243,
      "z": 0
    },
    "scale": 0.01
  },
  "tela2": {
    "position": {
      "x": -0.09180000007152556,
      "y": 2.2,
      "z": -13.698000000000015
    },
    "rotation": {
      "x": 0,
      "y": 0.010196326794895384,
      "z": 0
    },
    "scale": 0.01
  },
  "tela3": {
    "position": {
      "x": 18.501000000000026,
      "y": 2.2,
      "z": 9.181800000071519
    },
    "rotation": {
      "x": 0,
      "y": 3.1342763267573437,
      "z": 0
    },
    "scale": 0.01
  },
  "tela4": {
    "position": {
      "x": -0.05880000016093273,
      "y": 2.2,
      "z": 10.55339999985693
    },
    "rotation": {
      "x": 0,
      "y": 3.1900763268109884,
      "z": 0
    },
    "scale": 0.01
  }
}